[{
  "_id": {
    "$oid": "6467d7dc034dd3d416d5a1ed"
  },
  "student": {
    "$oid": "6467a0ee36257fce55bac877"
  },
  "status": "present",
  "date": {
    "$date": "2023-05-19T20:11:08.109Z"
  },
  "__v": 0
},
{
  "_id": {
    "$oid": "6467e55f034dd3d416d5b4dc"
  },
  "student": {
    "$oid": "6467df72c2b3142559d29326"
  },
  "status": "absent",
  "date": {
    "$date": "2023-05-19T21:08:47.283Z"
  },
  "__v": 0
},
{
  "_id": {
    "$oid": "646935a0998f253b3ac2b687"
  },
  "student": {
    "$oid": "6467a0ee36257fce55bac877"
  },
  "status": "present",
  "date": {
    "$date": "2023-05-20T21:03:28.724Z"
  },
  "__v": 0
},
{
  "_id": {
    "$oid": "64693622998f253b3ac2b6b0"
  },
  "student": {
    "$oid": "6467df72c2b3142559d29326"
  },
  "status": "present",
  "date": {
    "$date": "2023-05-20T21:05:38.975Z"
  },
  "__v": 0
},
{
  "_id": {
    "$oid": "646b476c24db0143276d60dc"
  },
  "student": {
    "$oid": "6467a0ee36257fce55bac877"
  },
  "status": "present",
  "date": {
    "$date": "2023-05-22T10:43:56.003Z"
  },
  "__v": 0
},
{
  "_id": {
    "$oid": "646b477124db0143276d60e4"
  },
  "student": {
    "$oid": "6467df72c2b3142559d29326"
  },
  "status": "absent",
  "date": {
    "$date": "2023-05-22T10:44:01.149Z"
  },
  "__v": 0
},
{
  "_id": {
    "$oid": "64719cc5c199625e373524d0"
  },
  "student": {
    "$oid": "6467a0ee36257fce55bac877"
  },
  "status": "absent",
  "date": {
    "$date": "2023-05-27T06:01:41.563Z"
  },
  "__v": 0
},
{
  "_id": {
    "$oid": "64719cc7c199625e373524d8"
  },
  "student": {
    "$oid": "6467df72c2b3142559d29326"
  },
  "status": "present",
  "date": {
    "$date": "2023-05-27T06:01:43.814Z"
  },
  "__v": 0
}]